Variable,VIF,Status
BMI,199.122563689742,SEVERO
Weight (Kg),166.22693826437134,SEVERO
Waist:Hip Ratio,58.40016227475517,SEVERO
RBS(mg/dl),29.093728523992066,SEVERO
Follicle No. (R),9.075221801630038,Moderado
Follicle No. (L),8.96194312562329,Moderado
LH(mIU/mL),3.766471454366896,OK
FSH(mIU/mL),2.8797731964219095,OK
AMH(ng/mL),2.3826971349580277,OK
FSH/LH,2.3722129889472683,OK
TSH (mIU/L),2.1859578677906577,OK
