Variable Eliminada,VIF Original
Peso (Kg),6226.666347198326
Altura (cm),26061.710796050967
Cintura (pulg),29541.71429870418
Cadera (pulg),30117.615713333063
Presión Diastólica (mmHg),18.086626429068925
Frecuencia Cardiaca (lpm),48.77653482900074
Frecuencia Respiratoria (rpm),1976.8257983117153
Tamaño Folículo Prom (I) (mm),67.36896718556521
Tamaño Folículo Prom (D) (mm),30.81076126905169
