Variable,Mean_Before,Mean_After,Std_Before,Std_After,Max_Before,Max_After,Min_Before,Min_After,Outliers_Before,Outliers_After,Reduction_%
II    beta-HCG(mIU/mL),237.88005390334575,142.42741449814125,1607.9807390376586,469.5543989341141,25000.0,3893.06,0.99,1.92,79,79,0.0
AMH(ng/mL),5.628592936802974,5.5400241635687735,5.888526157293261,5.2894273606775535,66.0,26.4,0.1,0.2,52,52,0.0
FSH/LH,4.38685873605948,3.7233085501858736,14.940616780404016,4.662301225817778,327.0,29.73,0.23,0.44,47,47,0.0
Vit D3 (ng/mL),50.02713382899629,29.029648698884756,347.1685011594306,12.569853348255725,6014.66,74.5,0.0,9.2,31,30,3.225806451612903
