Model,TN,FP,FN,TP,Accuracy,Precision (PPV),Recall (Sensibilidad),Especificidad,F1-Score,NPV,LR+,LR-,ROC-AUC
Logistic Regression,64,9,3,32,0.8888888888888888,0.7804878048780488,0.9142857142857143,0.8767123287671232,0.8421052631578947,0.9552238805970149,7.415873015873013,0.09776785714285718,0.9483365949119373
Random Forest (30f),70,3,5,30,0.9259259259259259,0.9090909090909091,0.8571428571428571,0.958904109589041,0.8823529411764706,0.9333333333333333,20.85714285714283,0.14897959183673476,0.9471624266144814
XGBoost (41f),69,4,4,31,0.9259259259259259,0.8857142857142857,0.8857142857142857,0.9452054794520548,0.8857142857142857,0.9452054794520548,16.164285714285715,0.12091097308488617,0.9483365949119374
XGBoost (30f),70,3,5,30,0.9259259259259259,0.9090909090909091,0.8571428571428571,0.958904109589041,0.8823529411764706,0.9333333333333333,20.85714285714283,0.14897959183673476,0.95146771037182
KNN,61,12,7,28,0.8240740740740741,0.7,0.8,0.8356164383561644,0.7466666666666667,0.8970588235294118,4.866666666666667,0.2393442622950819,0.9050880626223092
