n_features,cv_accuracy
10,0.9188155922038981
15,0.9222638680659669
20,0.91880059970015
25,0.9136131934032983
30,0.9205097451274362
35,0.9205247376311844
40,0.9291754122938531
